Laboratory,Facility,Country,City,Sample Population,Sample Sub-Population,Reference Sample Type,Sample Set,Reference Method,Repeats,Blinding,Test Type,Test Format,Use Case,Test Name,Manufacturer,Catalog Number,Lot Number,Index Sample Type,Target,Antigen Used for Detection,RNA Extraction Kit,Estimated LoD,LoD Unit,Higher Cut-off,Lower Cut-off,Ct Value,Days of Sickness,Sample Size,Total Positive,Total Negative,True Positive,True Negative,Sensitivity,Specificity,Link to Publication,DOI,Comments
Shenzhen Third People?s Hospital,Hospital,China,Shenzhen,Confirmed COVID-19 patients,Critical; Other; Not available,Respiratory specimen,Prospectively collected set,Clinical examination; Computed Tomography (CT); RT-PCR,Not available,Not available,Antibody,Enzyme-linked immunosorbent assay (ELISA),Detection of current infection,IgG/IgM ELISA kit,"Beijing Wantai Biological Pharmacy Enterprise Co., Ltd",Not available,Not available,Plasma,Total Ig,Not available,Not available,Not available,Not available,Not available,Not available,Not available,Overall,386,173,213,161,211,93.1,99.1,https://www.ncbi.nlm.nih.gov/pmc/articles/PMC7184337/pdf/ciaa344.pdf,10.1093/cid/ciaa344,Not available
General Hospital of the Central Theater Command of the People?s Liberation Army (PLA),Hospital,China,Not available,Confirmed COVID-19 patients,Not available,Nasopharyngeal swabs,Retrospective set,RT-PCR,Triplicates,Not available,Antibody,Enzyme-linked immunosorbent assay (ELISA),Detection of current infection,2019-nCoV IgG/IgM Antibody Detection Kit,"Zhuhai Lizhu Reagent Co., Ltd.",Not available,Not available,Serum,IgG,Not available,Not available,Not available,Not available,Not available,Not available,Not available,Overall,314,214,100,150,100,70.1,100,https://jcm.asm.org/content/jcm/early/2020/03/27/JCM.00461-20.full.pdf,10.1128/jcm.00461-20,"A median of 15 d.p.o. (range, 0?55 days)"
General Hospital of the Central Theater Command of the People?s Liberation Army (PLA),Hospital,China,Not available,Confirmed COVID-19 patients,Not available,Nasopharyngeal swabs,Retrospective set,RT-PCR,Triplicates,Not available,Antibody,Enzyme-linked immunosorbent assay (ELISA),Detection of current infection,2019-nCoV IgG/IgM Antibody Detection Kit,"Zhuhai Lizhu Reagent Co., Ltd.",Not available,Not available,Serum,IgG; IgM,Not available,Not available,Not available,Not available,Not available,Not available,Not available,Overall,314,214,100,172,100,80.4,100,https://jcm.asm.org/content/jcm/early/2020/03/27/JCM.00461-20.full.pdf,10.1128/jcm.00461-20,"A median of 15 d.p.o. (range, 0?55 days)"
Xixi Hospital of Hangzhou,Hospital,China,Hangzhou,Confirmed COVID-19 patients,Not available,Oropharyngeal swabs; Sputum,Retrospective set,RT-PCR,Duplicates,Not available,Antibody,Chemiluminescence immunoassay (CLIA),Detection of current infection,SARS-CoV-2 IgM/IgG CLIA kits,Shenzhen Yhlo Biotech Co. Ltd,Not available,Not available,Serum,IgG,Not available,Not available,10,arbitrary units (AU) / mL,Not available,Not available,Not available,Overall,60,27,33,24,30,88.9,,https://www.ijidonline.com/article/S1201-9712(20)30198-3/pdf,10.1016/j.ijid.2020.03.065,The median duration from first symptoms to serological testing was 16 days (IQR 9?20 days).
General Hospital of the Central Theater Command of the People?s Liberation Army (PLA),Hospital,China,Not available,Confirmed COVID-19 patients,Not available,Nasopharyngeal swabs,Retrospective set,RT-PCR,Triplicates,Not available,Antibody,Enzyme-linked immunosorbent assay (ELISA),Detection of current infection,2019-nCoV IgG/IgM Antibody Detection Kit,"Beijing Hotgen Biotech Co., Ltd.",Not available,Not available,Serum,IgG,Not available,Not available,Not available,Not available,Not available,Not available,Not available,Overall,314,214,100,159,100,74.3,100,https://jcm.asm.org/content/jcm/early/2020/03/27/JCM.00461-20.full.pdf,10.1128/jcm.00461-20,"A median of 15 d.p.o. (range, 0?55 days)"
General Hospital of the Central Theater Command of the People?s Liberation Army (PLA),Hospital,China,Not available,Confirmed COVID-19 patients,Not available,Nasopharyngeal swabs,Retrospective set,RT-PCR,Triplicates,Not available,Antibody,Enzyme-linked immunosorbent assay (ELISA),Detection of current infection,2019-nCoV IgG/IgM Antibody Detection Kit,"Beijing Hotgen Biotech Co., Ltd.",Not available,Not available,Serum,IgG; IgM,Not available,Not available,Not available,Not available,Not available,Not available,Not available,Overall,314,214,100,176,100,82.2,100,https://jcm.asm.org/content/jcm/early/2020/03/27/JCM.00461-20.full.pdf,10.1128/jcm.00461-20,"A median of 15 d.p.o. (range, 0?55 days)"
Xixi Hospital of Hangzhou,Hospital,China,Hangzhou,Confirmed COVID-19 patients,Not available,Oropharyngeal swabs; Sputum,Retrospective set,RT-PCR,Duplicates,Not available,Antibody,Chemiluminescence immunoassay (CLIA),Detection of past infection,SARS-CoV-2 IgM/IgG CLIA kits,Shenzhen Yhlo Biotech Co. Ltd,Not available,Not available,Serum,IgG,Not available,Not available,10,arbitrary units (AU) / mL,Not available,Not available,Not available,Overall,Not available,34,Not available,32,Not available,94.1,,https://www.ijidonline.com/article/S1201-9712(20)30198-3/pdf,10.1016/j.ijid.2020.03.065,"Testing for viral antibody after two oral swabs taken 24h apart tested negative, without other molecular detection positive"
"Department of Laboratory Medicine, University of Washington School of Medicine",Public Health,United States of America (USA),Idaho,Confirmed COVID-19 patients,Not available,Serum,Retrospective set,RT-PCR,No replicates,Not available,Antibody,Chemiluminescence immunoassay (CLIA),Detection of current infection,SARS-CoV-2 IgG,Abbott Diagnostics Inc.,Not available,Not available,Serum,IgG,Not available,Not available,Not available,Not available,Not available,Not available,Not available,Overall,1145,125,1020,Not available,1019,,99.9,https://www.medrxiv.org/content/10.1101/2020.04.27.20082362v1.full.pdf,10.1101/2020.04.27.20082362,Abbott-determined positivity cut-off of 1.40
Hospital Universitario Príncipe de Asturias,Hospital,Spain,Not available,Confirmed COVID-19 patients,Not available,Plasma; Serum; Whole blood,Retrospective set,RT-PCR,No replicates,Not blinded to reference results,Antibody,Rapid diagnostic test (RDT),Detection of current infection,AllTest COV-19 IgG / IgM kit,AllTest Biotech,Not available,Not available,Serum,IgG; IgM,Not available,Not available,Not available,Not available,Not available,Not available,Not available,Overall,163,55,108,26,52,47.3,48.1,https://www.medrxiv.org/content/10.1101/2020.04.11.20062158v2.full.pdf,10.1101/2020.04.11.20062158,Not available
Guangdong Provincial Key Laboratory of Regional Immunity and Disease,Public Health,China,Shenzhen,Confirmed COVID-19 patients,Not available,Respiratory specimen,Prospectively collected set,Clinical examination; Epidemiologic criteria; RT-PCR,No replicates,Not available,Antibody,Enzyme-linked immunosorbent assay (ELISA),Not available,2019 Novel Coronavirus (2019-nCoV) IgG Antibody Detection Kit (ELISA Method),"Guangzhou Darui Biotechnology Co.,Ltd; Darui Biotech",Not available,Not available,Serum,IgG,Not available,Not available,Not available,Not available,Not available,Not available,Not available,Overall,129,65,64,15,64,23.1,100,https://www.medrxiv.org/content/10.1101/2020.03.27.20045153v1.full.pdf,10.1101/2020.03.27.20045153,Not available
"Department of Infectious Diseases, Southwest Hospital, Third Military Medical University",Hospital,China,Chongqing,Confirmed COVID-19 patients,Mild; Moderate; Severe,Not available,Prospectively collected set,WHO Interim Guidance,No replicates,Not available,Antibody,Enzyme-linked immunosorbent assay (ELISA),Detection of current infection,IgG/IgM ELISA kit,Zhuhai Livzon Diagnostics Inc,Not available,Not available,Serum,IgG; IgM,Not available,Qiamp® viral RNA mini kit,Not available,Not available,Not available,Not available,38,Overall,Not available,65,Not available,51,Not available,78.5,,https://www.medrxiv.org/content/10.1101/2020.03.24.20042382v1.full.pdf,10.1101/2020.03.24.20042382,"For late period, samples collected at 21 days after symptoms onset were considered."
"Molecular Virology Unit, Microbiology and Virology Department, Fondazione IRCCS Policlinico San Matteo",Public Health,Italy,Pavia,Symptomatic patients,Not available,Nasopharyngeal swabs,Prospectively collected set,RT-PCR,Not available,Not available,Antibody,Rapid diagnostic test (RDT),Detection of current infection,VivaDiag COVID-19 IgM/IgG Rapid Test,"VivaChek Biotech (Hangzhou) Co., Ltd",Not available,Not available,Serum; Whole blood,IgG; IgM,Not available,Not available,Not available,Not available,Not available,Not available,Not available,Overall,50,38,12,7,11,18.4,91.7,https://onlinelibrary.wiley.com/doi/10.1002/jmv.25800,10.1002/jmv.25800,"To estimate the sensitivity, LFA with IgG and/or IgM bands (including weak signals) were considered as positive results."
"Molecular Virology Unit, Microbiology and Virology Department, Fondazione IRCCS Policlinico San Matteo",Public Health,Italy,Pavia,Confirmed COVID-19 patients,Not available,Nasopharyngeal swabs,Prospectively collected set,RT-PCR,Not available,Not available,Antibody,Rapid diagnostic test (RDT),Detection of current infection,VivaDiag COVID-19 IgM/IgG Rapid Test,"VivaChek Biotech (Hangzhou) Co., Ltd",Not available,Not available,Serum; Whole blood,IgG; IgM,Not available,Not available,Not available,Not available,Not available,Not available,Not available,Overall,60,30,30,25,20,83.3,66.7,https://onlinelibrary.wiley.com/doi/10.1002/jmv.25800,10.1002/jmv.25800,"Serum samples were obtained at a median 7 days (interquartile range, 4?11) after the first COVID?19 positive result"
Wuhan Jinyintan Hospital,Hospital,China,Wuhan,Confirmed COVID-19 patients,Not available,Not available,Not available,WHO Interim Guidance,Not available,Not available,Antibody,Rapid diagnostic test (RDT),Not available,Coronavirus IgG/IgM antibody GICA kit,Zhuhai Livzon Diagnostics Inc,Not available,2001010220,Serum,IgG; IgM,Not available,Not available,Not available,Not available,Not available,Not available,Not available,Overall,126,91,35,75,35,82.4,100,https://www.medrxiv.org/content/10.1101/2020.02.27.20028787v1.full.pdf+html,10.1101/2020.02.27.20028787,Not available
Wuhan Jinyintan Hospital,Hospital,China,Wuhan,Confirmed COVID-19 patients,Not available,Not available,Not available,WHO Interim Guidance,Not available,Not available,Antibody,Rapid diagnostic test (RDT),Not available,Coronavirus IgG/IgM antibody GICA kit,Zhuhai Livzon Diagnostics Inc,Not available,2001010220,Serum,IgG,Not available,Not available,Not available,Not available,Not available,Not available,Not available,Overall,126,91,35,74,35,81.3,100,https://www.medrxiv.org/content/10.1101/2020.02.27.20028787v1.full.pdf+html,10.1101/2020.02.27.20028787,Not available
Guangdong Provincial Key Laboratory of Regional Immunity and Disease,Public Health,China,Shenzhen,Confirmed COVID-19 patients,Moderate,Nasopharyngeal swabs; Oropharyngeal swabs,Not available,RT-PCR,Not available,Not available,Antibody,Enzyme-linked immunosorbent assay (ELISA),Detection of current infection; Detection of past infection,SARS-CoV-2 ELISA,Darui Biotech,Not available,Not available,Serum,IgG,Not available,Not available,Not available,Not available,As per manufactures instructions,As per manufactures instructions,Not available,Overall,129,65,64,15,64,23.1,100,https://www.medrxiv.org/content/10.1101/2020.03.27.20045153v1.full.pdf,10.1101/2020.03.27.20045153,Not available
Viroscience Erasmus MC,Hospital,Netherlands,Rotterdam,Confirmed COVID-19 patients,Mild; Moderate; Severe,Serum,Prospectively collected set,RT-PCR,No replicates,Not available,Antibody,Rapid diagnostic test (RDT),Detection of current infection; Detection of past infection,Rapid SARS-CoV-2 Antibody (IgM/IgG),"InTec Products, Inc.",Not available,S2020021505.,Serum,IgG; IgM,Not available,Not available,Not available,Not available,Not available,Not available,Not available,Overall,157,93,64,83,47,89.2,73.4,Not available,Not available,Each sample was tested by one test and interpreted by two operators in parallel from Erasmus MC.
Viroscience Erasmus MC,Hospital,Netherlands,Rotterdam,Confirmed COVID-19 patients,Mild; Moderate; Severe,Serum,Prospectively collected set,RT-PCR,No replicates,Not available,Antibody,Rapid diagnostic test (RDT),Detection of current infection; Detection of past infection,Cellex qSARS-CoV-2 IgGIgM Cassette Rapid Test,Cellex Inc.,Not available,20200311WI5513C-3,Serum,IgG; IgM,Not available,Not available,Not available,Not available,Not available,Not available,Not available,Overall,137,93,44,69,41,74.2,93.2,Not available,Not available,Each sample was tested by one test and interpreted by two operators in parallel from Erasmus MC.
Viroscience Erasmus MC,Hospital,Netherlands,Rotterdam,Confirmed COVID-19 patients,Mild; Moderate; Severe,Serum,Prospectively collected set,RT-PCR,No replicates,Not available,Antibody,Rapid diagnostic test (RDT),Detection of current infection; Detection of past infection,COVID-19 IgG/IgM Rapid Test Cassette (Whole Blood/Serum/Plasma),Orient Gene / Healgen,Not available,2003260,Serum,IgG; IgM,Not available,Not available,Not available,Not available,Not available,Not available,Not available,Overall,99,90,9,72,9,80,100,Not available,Not available,Each sample was tested by one test and interpreted by two operators in parallel from Erasmus MC.
RIVM,Public Health,Netherlands,Bilthoven,Confirmed COVID-19 patients,Mild; Moderate; Severe,Nasopharyngeal swabs; Oropharyngeal swabs,Retrospective set,RT-PCR,Not available,Not available,Antibody,Rapid diagnostic test (RDT),Detection of current infection; Detection of past infection,2019-nCoV IgG/IgM Rapid Test,"Dynamiker Biotechnology (Tianjin) Co., Ltd.",Not available,Not available,Serum,IgG,Not available,Not available,Not available,Not available,Not available,Not available,Not available,Overall,38,25,13,14,12,56,92.3,Not available,Not available,Not available
Ospedale Policlinico Consorziale of Bari,Public Health,Italy,Bari,Symptomatic patients,Asymptomatic; Moderate,Oropharyngeal swabs,Prospectively collected set,RT-PCR,Not available,Not available,Antibody,Rapid diagnostic test (RDT),Detection of current infection; Detection of past infection,SARS-CoV-2 rapid IgG-IgM Viva-DiagTM Test combined antibody test kit,Jiangsu Medomics Medical Technologies,Not available,Not available,Whole blood,IgG; IgM,Not available,Not available,Not available,Not available,Not available,Not available,Not available,Overall,190,70,120,21,107,30,89.2,https://www.medrxiv.org/content/10.1101/2020.04.03.20052183v1,10.1101/2020.04.03.20052183,Not available
Wuhan Jinyintan Hospital,Hospital,China,Wuhan,Confirmed COVID-19 patients,Not available,Not available,Not available,WHO Interim Guidance,Duplicates,Not available,Antibody,Enzyme-linked immunosorbent assay (ELISA),Not available,Novel Coronavirus IgG/IgM antibody ELISA kit,Zhuhai Livzon Diagnostics Inc,Not available,2020010108,Serum,IgG,Not available,Not available,Not available,Not available,Not available,Not available,Not available,Overall,98,63,35,52,35,82.5,100,https://www.medrxiv.org/content/10.1101/2020.02.27.20028787v1.full.pdf+html,10.1101/2020.02.27.20028787,Not available
Wuhan Jinyintan Hospital,Hospital,China,Wuhan,Confirmed COVID-19 patients,Not available,Not available,Not available,WHO Interim Guidance,Duplicates,Not available,Antibody,Enzyme-linked immunosorbent assay (ELISA),Not available,Novel Coronavirus IgG/IgM antibody ELISA kit,Zhuhai Livzon Diagnostics Inc,Not available,2020010108,Serum,IgG; IgM,Not available,Not available,Not available,Not available,Not available,Not available,Not available,Overall,98,63,35,55,35,87.3,100,https://www.medrxiv.org/content/10.1101/2020.02.27.20028787v1.full.pdf+html,10.1101/2020.02.27.20028787,Not available
"Molecular Virology Unit, Microbiology and Virology Department, Fondazione IRCCS Policlinico San Matteo",Not available,Italy,Pavia,Confirmed COVID-19 patients,Not available,Nasopharyngeal swabs,Prospectively collected set,RT-PCR,Not available,Not available,Antibody,Rapid diagnostic test (RDT),Detection of past infection,VivaDiag COVID-19 IgM/IgG Rapid Test,"VivaChek Biotech (Hangzhou) Co., Ltd",Not available,Not available,Serum; Whole blood,IgG,Not available,Not available,Not available,Not available,Not available,Not available,Not available,Overall,60,30,30,24,30,80,100,https://onlinelibrary.wiley.com/doi/10.1002/jmv.25800,10.1002/jmv.25800,"Serum samples were obtained at a median 7 days (interquartile range, 4?11) after the first COVID?19 positive result."
First Affiliated Hospital of Guangzhou Medical University,Hospital,China,Guangzhou,Symptomatic patients,Not available,Nasopharyngeal swabs; Serum,Prospectively collected set,Clinical examination; Computed Tomography (CT); RT-PCR,Not available,Not available,Antibody,Rapid diagnostic test (RDT),Detection of current infection,SARS?CoV?2 rapid IgG?IgM combined antibody test kit,Jiangsu Medomics Medical Technologies,Not available,Not available,Plasma; Serum,IgG; IgM,Not available,Not available,Not available,Not available,Not available,Not available,Not available,Overall,525,397,128,352,116,88.7,90.6,https://onlinelibrary.wiley.com/doi/abs/10.1002/jmv.25727,10.1002/jmv.25727,"Note, manufacturer is among authors."
Zhongnan Hospital of Wuhan University,Hospital,China,Wuhan,Confirmed COVID-19 patients,Not available,Respiratory specimen,Not available,RT-PCR,Not available,Not available,Antibody,Rapid diagnostic test (RDT),Detection of current infection; Detection of past infection,Novel Coronavirus (2019- nCoV) IgM/IgG Antibody Test Kit,Zhuhai Livzon Diagnostics Inc,Not available,Not available,Plasma; Serum; Whole blood,IgG; IgM,Not available,Not available,Not available,Not available,Not available,Not available,Not available,Overall,108,86,22,59,14,68.6,63.6,https://www.medrxiv.org/content/10.1101/2020.03.13.20035428v1,10.1101/2020.03.13.20035428,Not available
Zhongnan Hospital of Wuhan University,Hospital,China,Wuhan,Confirmed COVID-19 patients,Not available,Respiratory specimen,Not available,RT-PCR,Not available,Not available,Antibody,Rapid diagnostic test (RDT),Detection of current infection; Detection of past infection,Novel Coronavirus (2019- nCoV) IgM/IgG Antibody Test Kit,Zhuhai Livzon Diagnostics Inc,Not available,Not available,Plasma; Serum; Whole blood,IgG,Not available,Not available,Not available,Not available,Not available,Not available,Not available,Overall,108,86,22,47,13,54.7,59.1,https://www.medrxiv.org/content/10.1101/2020.03.13.20035428v1,10.1101/2020.03.13.20035428,Not available
"Department of Virus & Microbiological Special Diagnostics, Statens Serum Institut",Public Health,Denmark,Copenhagen,Confirmed COVID-19 patients,Not available,Respiratory specimen,Retrospective set,RT-PCR,Not available,Not available,Antibody,Enzyme-linked immunosorbent assay (ELISA),Not available,Wantai SARS-CoV-2 Ab ELISA,"Beijing Wantai Biological Pharmacy Enterprise Co., Ltd",WS-1096,Not available,Plasma; Serum,Total Ig,Not available,Not available,Not available,Not available,As per manufacturer's instructions,As per manufacturer's instructions,Not available,Overall,112,30,82,28,82,93.3,100,https://www.medrxiv.org/content/10.1101/2020.04.09.20056325v1.full.pdf,10.1101/2020.04.09.20056325,Not available
"Department of Virus & Microbiological Special Diagnostics, Statens Serum Institut",Public Health,Denmark,Copenhagen,Confirmed COVID-19 patients,Not available,Respiratory specimen,Retrospective set,RT-PCR,Not available,Not available,Antibody,Enzyme-linked immunosorbent assay (ELISA),Not available,"Anti-SARS-CoV-2 ELISA (IgG) (manual, automated)",EUROIMMUN AG,EI 2668-9601,Not available,Plasma; Serum,IgG,Not available,Not available,Not available,Ratio between the extinction of the sample and calibrator on each plate,> =1.1,<0.8,Not available,Overall,112,30,82,20,79,66.7,96.3,https://www.medrxiv.org/content/10.1101/2020.04.09.20056325v1.full.pdf,10.1101/2020.04.09.20056325,Borderline data were considered negative.
"Department of Virus & Microbiological Special Diagnostics, Statens Serum Institut",Public Health,Denmark,Copenhagen,Confirmed COVID-19 patients,Not available,Respiratory specimen,Retrospective set,RT-PCR,Not available,Not available,Antibody,Rapid diagnostic test (RDT),Not available,2019-nCoV IgG/IgM Rapid Test,"Dynamiker Biotechnology (Tianjin) Co., Ltd.",DNK-1419-1,Not available,Plasma; Serum,IgG; IgM,Not available,Not available,Not available,Not available,Not available,Not available,Not available,Overall,62,30,32,27,32,90,100,https://www.medrxiv.org/content/10.1101/2020.04.09.20056325v1.full.pdf,10.1101/2020.04.09.20056325,"Weak signals for IgM and IgG, together or separate, was considered positive."
"Department of Virus & Microbiological Special Diagnostics, Statens Serum Institut",Public Health,Denmark,Copenhagen,Confirmed COVID-19 patients,Not available,Respiratory specimen,Retrospective set,RT-PCR,Not available,Not available,Antibody,Rapid diagnostic test (RDT),Not available,OnSite COVID-19 IgG/IgM Rapid Test,"CTK Biotech, Inc.",R0180C,Not available,Plasma; Serum,IgG; IgM,Not available,Not available,Not available,Not available,Not available,Not available,Not available,Overall,62,30,32,27,32,90,100,https://www.medrxiv.org/content/10.1101/2020.04.09.20056325v1.full.pdf,10.1101/2020.04.09.20056325,"Weak signals for IgM and IgG, together or separate, was considered positive."
"Department of Virus & Microbiological Special Diagnostics, Statens Serum Institut",Public Health,Denmark,Copenhagen,Confirmed COVID-19 patients,Not available,Respiratory specimen,Retrospective set,RT-PCR,Not available,Not available,Antibody,Rapid diagnostic test (RDT),Not available,Anti-SARS-CoV-2 Rapid Test,AutoBio Diagnostics,RTA0204,Not available,Plasma; Serum,IgG; IgM,Not available,Not available,Not available,Not available,Not available,Not available,Not available,Overall,62,30,32,28,32,93.3,100,https://www.medrxiv.org/content/10.1101/2020.04.09.20056325v1.full.pdf,10.1101/2020.04.09.20056325,"Weak signals for IgM and IgG, together or separate, was considered positive."
"Department of Virus & Microbiological Special Diagnostics, Statens Serum Institut",Public Health,Denmark,Copenhagen,Confirmed COVID-19 patients,Not available,Respiratory specimen,Retrospective set,RT-PCR,Not available,Not available,Antibody,Rapid diagnostic test (RDT),Not available,Coronavirus Diseases 2019 (COVID-19) IgM/IgG Antibody Test,Artron Laboratories Inc.,A03-51-322,Not available,Plasma; Serum,IgG; IgM,Not available,Not available,Not available,Not available,Not available,Not available,Not available,Overall,47,30,17,25,17,83.3,100,https://www.medrxiv.org/content/10.1101/2020.04.09.20056325v1.full.pdf,10.1101/2020.04.09.20056325,"Weak signals for IgM and IgG, together or separate, was considered positive."
RIVM,Public Health,Netherlands,Bilthoven,Confirmed COVID-19 patients,Mild; Moderate; Severe,Nasopharyngeal swabs; Oropharyngeal swabs,Retrospective set,RT-PCR,Not available,Not available,Antibody,Rapid diagnostic test (RDT),Detection of current infection; Detection of past infection,Cellex qSARS-CoV-2 IgGIgM Cassette Rapid Test,Cellex Inc.,Not available,Not available,Serum,IgG,Not available,Not available,Not available,Not available,Not available,Not available,Not available,Overall,38,25,13,15,12,60,92.3,Not available,Not available,Not available
RIVM,Public Health,Netherlands,Bilthoven,Confirmed COVID-19 patients,Mild; Moderate; Severe,Nasopharyngeal swabs; Oropharyngeal swabs,Retrospective set,RT-PCR,Not available,Not available,Antibody,Rapid diagnostic test (RDT),Detection of current infection; Detection of past infection,Acro Biotech COVID-19 Rapid POC test,"Acro Biotech, Inc.",Not available,Not available,Serum,IgG,Not available,Not available,Not available,Not available,Not available,Not available,Not available,Overall,48,23,25,16,25,69.6,100,Not available,Not available,Not available
RIVM,Public Health,Netherlands,Bilthoven,Confirmed COVID-19 patients,Mild; Moderate; Severe,Nasopharyngeal swabs; Oropharyngeal swabs,Retrospective set,RT-PCR,Not available,Not available,Antibody,Rapid diagnostic test (RDT),Detection of current infection; Detection of past infection,Rapid SARS-CoV-2 Antibody (IgM/IgG),"InTec Products, Inc.",Not available,Not available,Serum,IgG,Not available,Not available,Not available,Not available,Not available,Not available,Not available,Overall,38,25,13,18,12,72,92.3,Not available,Not available,Not available
RIVM,Public Health,Netherlands,Bilthoven,Confirmed COVID-19 patients,Mild; Moderate; Severe,Nasopharyngeal swabs; Oropharyngeal swabs,Retrospective set,RT-PCR,Not available,Not available,Antibody,Rapid diagnostic test (RDT),Detection of current infection; Detection of past infection,DiagnoSure COVID-19 IgG/IgM rapid test cassette,GritOverseas Pte. Ltd,Not available,Not available,Serum,IgG,Not available,Not available,Not available,Not available,Not available,Not available,Not available,Overall,48,23,25,8,25,34.8,100,Not available,Not available,Not available
RIVM,Public Health,Netherlands,Bilthoven,Confirmed COVID-19 patients,Mild; Moderate; Severe,Nasopharyngeal swabs; Oropharyngeal swabs,Retrospective set,RT-PCR,Not available,Not available,Antibody,Rapid diagnostic test (RDT),Detection of current infection; Detection of past infection,Covid-19 IgG/IgM Antibody Test,Biomerica Inc,Not available,Not available,Serum,IgG,Not available,Not available,Not available,Not available,Not available,Not available,Not available,Overall,48,23,25,16,25,69.6,100,Not available,Not available,Not available
RIVM,Public Health,Netherlands,Bilthoven,Confirmed COVID-19 patients,Mild; Moderate; Severe,Nasopharyngeal swabs; Oropharyngeal swabs,Retrospective set,RT-PCR,Not available,Not available,Antibody,Rapid diagnostic test (RDT),Detection of current infection; Detection of past infection,Diagnostic kit IgM/IgG of Novel Coronavirus COVID-19,"Shanghai LiangRun, Biomedicine Tech. Co., Ltd",Not available,Not available,Serum,IgG,Not available,Not available,Not available,Not available,Not available,Not available,Not available,Overall,48,23,25,6,25,26.1,100,Not available,Not available,Not available
First Affiliated Hospital of Guangzhou Medical University,Hospital,China,Guangzhou,Symptomatic patients,Not available,Nasopharyngeal swabs; Sputum; Respiratory specimen,Prospectively collected set,Clinical examination; Computed Tomography (CT); RT-PCR,Not available,Not available,Antibody,Rapid diagnostic test (RDT),Detection of current infection,SARS?CoV?2 rapid IgG?IgM combined antibody test kit,Jiangsu Medomics Medical Technologies,Not available,Not available,Plasma; Serum,IgG,Not available,Not available,Not available,Not available,Not available,Not available,Not available,Overall,525,397,128,24,127,6,99.2,https://onlinelibrary.wiley.com/doi/abs/10.1002/jmv.25727,10.1002/jmv.25727,"Note, manufacturer is among authors."
Viroscience Erasmus MC,Hospital,Netherlands,Rotterdam,Confirmed COVID-19 patients,Mild; Moderate; Severe,Serum,Prospectively collected set,RT-PCR,No replicates,Not available,Antibody,Rapid diagnostic test (RDT),Detection of current infection; Detection of past infection,Rapid SARS-CoV-2 Antibody (IgM/IgG),"InTec Products, Inc.",Not available,S2020021505.,Serum,IgG,Not available,Not available,Not available,Not available,Not available,Not available,Not available,Overall,157,93,64,79,55,84.9,85.9,Not available,Not available,Each sample was tested by one test and interpreted by two operators in parallel from Erasmus MC.
Viroscience Erasmus MC,Hospital,Netherlands,Rotterdam,Confirmed COVID-19 patients,Mild; Moderate; Severe,Serum,Prospectively collected set,RT-PCR,No replicates,Not available,Antibody,Rapid diagnostic test (RDT),Detection of current infection; Detection of past infection,COVID-19 IgG/IgM Rapid Test Cassette (Whole Blood/Serum/Plasma),Orient Gene / Healgen,Not available,2003260,Serum,IgG,Not available,Not available,Not available,Not available,Not available,Not available,Not available,Overall,99,90,9,67,9,74.4,100,Not available,Not available,Each sample was tested by one test and interpreted by two operators in parallel from Erasmus MC.
Viroscience Erasmus MC,Hospital,Netherlands,Rotterdam,Confirmed COVID-19 patients,Mild; Moderate; Severe,Serum,Prospectively collected set,RT-PCR,No replicates,Not available,Antibody,Rapid diagnostic test (RDT),Detection of current infection; Detection of past infection,Cellex qSARS-CoV-2 IgGIgM Cassette Rapid Test,Cellex Inc.,Not available,20200311WI5513C-3,Serum,IgG,Not available,Not available,Not available,Not available,Not available,Not available,Not available,Overall,137,93,44,65,42,69.9,95.5,Not available,Not available,Each sample was tested by one test and interpreted by two operators in parallel from Erasmus MC.
National Reference Center for Emerging Antibiotic Resistance,Public Health,Switzerland,Fribourg,Confirmed COVID-19 patients,Not available,Nasopharyngeal swabs; Oropharyngeal swabs,Not available,RT-PCR,Not available,Not available,Antibody,Rapid diagnostic test (RDT),Detection of current infection; Detection of past infection,SARS-CoV-2 IgM/IgG Ab Rapid Test,"Sure Bio-Tech (USA) Co., Ltd",VC012103,Not available,Plasma; Serum; Whole blood,IgG; IgM,Not available,Not available,Not available,Not available,Not available,Not available,Not available,Overall,50,28,22,24,22,85.7,100,Not available,Not available,Not available
Viroscience Erasmus MC,Hospital,Netherlands,Rotterdam,Confirmed COVID-19 patients,Mild; Moderate; Severe,Serum,Prospectively collected set,RT-PCR,No replicates,Not available,Antibody,Rapid diagnostic test (RDT),Detection of current infection; Detection of past infection,COVID-19 IgG/IgM Rapid Test Cassette (Whole Blood/Serum/Plasma),Orient Gene / Healgen,Not available,2003260,Serum,IgG; IgM,Not available,Not available,Not available,Not available,Not available,Not available,Not available,Overall,78,69,9,60,9,87,100,Not available,Not available,Each sample was tested by one test and interpreted by two operators in parallel from Erasmus MC. Clinical performance data on samples collected after 7 days from the symptom onset
Viroscience Erasmus MC,Hospital,Netherlands,Rotterdam,Confirmed COVID-19 patients,Mild; Moderate; Severe,Serum,Prospectively collected set,RT-PCR,No replicates,Not available,Antibody,Rapid diagnostic test (RDT),Detection of current infection; Detection of past infection,Cellex qSARS-CoV-2 IgGIgM Cassette Rapid Test,Cellex Inc.,Not available,20200311WI5513C-3,Serum,IgG; IgM,Not available,Not available,Not available,Not available,Not available,Not available,Not available,Overall,115,71,44,62,41,87.3,93.2,Not available,Not available,Each sample was tested by one test and interpreted by two operators in parallel from Erasmus MC. Clinical performance data on samples collected after 7 days from the symptom onset
Viroscience Erasmus MC,Hospital,Netherlands,Rotterdam,Confirmed COVID-19 patients,Mild; Moderate; Severe,Serum,Prospectively collected set,RT-PCR,No replicates,Not available,Antibody,Rapid diagnostic test (RDT),Detection of current infection; Detection of past infection,Rapid SARS-CoV-2 Antibody (IgM/IgG),"InTec Products, Inc.",Not available,S2020021505.,Serum,IgG; IgM,Not available,Not available,Not available,Not available,Not available,Not available,Not available,Overall,135,71,64,67,47,94.4,73.4,Not available,Not available,Each sample was tested by one test and interpreted by two operators in parallel from Erasmus MC. Clinical performance data on samples collected after 7 days from the symptom onset
University of California,Not available,United States of America (USA),San Francisco,Confirmed COVID-19 patients,Not available,Nasopharyngeal swabs; Oropharyngeal swabs,Retrospective set,RT-PCR,Interpretation by two independent readers,Blinded to reference results,Antibody,Rapid diagnostic test (RDT),Detection of current infection; Detection of past infection,COVID-19 IgM-IgG Dual Antibody Rapid Test,"BioMedomics, Inc.",51-002-20,2020032103,Plasma; Serum,IgG,Not available,Not available,Not available,Not available,Not available,Not available,Not available,Overall,235,128,107,71,103,55.5,96.3,https://covidtestingproject.org/,Not available,Some control band inconsistency
University of California,Not available,United States of America (USA),San Francisco,Confirmed COVID-19 patients,Not available,Nasopharyngeal swabs; Oropharyngeal swabs,Retrospective set,RT-PCR,Interpretation by two independent readers,Blinded to reference results,Antibody,Rapid diagnostic test (RDT),Detection of current infection; Detection of past infection,COVID-19 IgM-IgG Dual Antibody Rapid Test,"BioMedomics, Inc.",51-002-20,2020032103,Plasma; Serum,IgG; IgM,Not available,Not available,Not available,Not available,Not available,Not available,Not available,Overall,235,128,107,83,93,64.8,86.9,https://covidtestingproject.org/,Not available,Some control band inconsistency
University of California,Not available,United States of America (USA),San Francisco,Confirmed COVID-19 patients,Not available,Nasopharyngeal swabs; Oropharyngeal swabs,Retrospective set,RT-PCR,Interpretation by two independent readers,Blinded to reference results,Antibody,Rapid diagnostic test (RDT),Detection of current infection; Detection of past infection,Novel Coronavirus (2019-nCoV) Ab Test (Colloidal Gold),Innovita Biological Technology Co. Ltd,Not available,20200304,Plasma; Serum,IgG,Not available,Not available,Not available,Not available,Not available,Not available,Not available,Overall,224,116,108,62,108,53.4,100,https://covidtestingproject.org/,Not available,Some band smearing
University of California,Not available,United States of America (USA),San Francisco,Confirmed COVID-19 patients,Not available,Nasopharyngeal swabs; Oropharyngeal swabs,Retrospective set,RT-PCR,Interpretation by two independent readers,Blinded to reference results,Antibody,Rapid diagnostic test (RDT),Detection of current infection; Detection of past infection,PerfectPOC Novel Corona Virus (SARS-CoV-2) IgM/IgG Rapid Test Kit,Jiangsu Bioperfectus Technologies Co. Ltd,SC30201W,"20200313, 20200313, 20210312",Plasma; Serum,IgG,Not available,Not available,Not available,Not available,Not available,Not available,Not available,Overall,232,128,104,80,102,62.5,98.1,https://covidtestingproject.org/,Not available,Extra diluent necessary
University of California,Not available,United States of America (USA),San Francisco,Confirmed COVID-19 patients,Not available,Nasopharyngeal swabs; Oropharyngeal swabs,Retrospective set,RT-PCR,Interpretation by two independent readers,Blinded to reference results,Antibody,Rapid diagnostic test (RDT),Detection of current infection; Detection of past infection,PerfectPOC Novel Corona Virus (SARS-CoV-2) IgM/IgG Rapid Test Kit,Jiangsu Bioperfectus Technologies Co. Ltd,SC30201W,"20200313, 20200313, 20210312",Plasma; Serum,IgG; IgM,Not available,Not available,Not available,Not available,Not available,Not available,Not available,Overall,233,128,105,95,100,74.2,95.2,https://covidtestingproject.org/,Not available,Extra diluent necessary
University of California,Not available,United States of America (USA),San Francisco,Confirmed COVID-19 patients,Not available,Nasopharyngeal swabs; Oropharyngeal swabs,Retrospective set,RT-PCR,Interpretation by two independent readers,Blinded to reference results,Antibody,Rapid diagnostic test (RDT),Detection of current infection; Detection of past infection,COVID-19 (SARS-CoV-2) IgG/IgM Antibody Test Kit (Colloidal Gold),DeepBlue Medical Technology Co Ltd.,Not available,20200305,Plasma; Serum,IgG,Not available,Not available,Not available,Not available,Not available,Not available,Not available,Overall,238,130,108,69,107,53.1,99.1,https://covidtestingproject.org/,Not available,"Extra diluent necessary, Some control band inconsistency"
University of California,Not available,United States of America (USA),San Francisco,Confirmed COVID-19 patients,Not available,Nasopharyngeal swabs; Oropharyngeal swabs,Retrospective set,RT-PCR,Interpretation by two independent readers,Blinded to reference results,Antibody,Rapid diagnostic test (RDT),Detection of current infection; Detection of past infection,Novel Coronavirus (SARSCoV-2) IgM/IgG Combo Rapid Test-Cassette,Decombio Biotechnology Co Ltd.,Not available,Not available,Plasma; Serum,IgG; IgM,Not available,Not available,Not available,Not available,Not available,Not available,Not available,Overall,233,126,107,85,96,67.5,89.7,https://covidtestingproject.org/,Not available,Some control band inconsistency
University of California,Not available,United States of America (USA),San Francisco,Confirmed COVID-19 patients,Not available,Nasopharyngeal swabs; Oropharyngeal swabs,Retrospective set,RT-PCR,Interpretation by two independent readers,Blinded to reference results,Antibody,Rapid diagnostic test (RDT),Detection of current infection; Detection of past infection,COVID-19 (SARS-CoV-2) IgG/IgM Antibody Test Kit (Colloidal Gold),DeepBlue Medical Technology Co Ltd.,Not available,20200305,Plasma; Serum,IgG; IgM,Not available,Not available,Not available,Not available,Not available,Not available,Not available,Overall,238,130,108,95,91,73.1,84.3,https://covidtestingproject.org/,Not available,"Extra diluent necessary, Some control band inconsistency"
University of California,Not available,United States of America (USA),San Francisco,Confirmed COVID-19 patients,Not available,Nasopharyngeal swabs; Oropharyngeal swabs,Retrospective set,RT-PCR,Interpretation by two independent readers,Blinded to reference results,Antibody,Rapid diagnostic test (RDT),Detection of current infection; Detection of past infection,Novel Coronavirus (SARSCoV-2) IgM/IgG Combo Rapid Test-Cassette,Decombio Biotechnology Co Ltd.,Not available,Not available,Plasma; Serum,IgG,Not available,Not available,Not available,Not available,Not available,Not available,Not available,Overall,233,126,107,84,98,66.7,91.6,https://covidtestingproject.org/,Not available,Some control band inconsistency
University of California,Not available,United States of America (USA),San Francisco,Confirmed COVID-19 patients,Not available,Nasopharyngeal swabs; Oropharyngeal swabs,Retrospective set,RT-PCR,Interpretation by two independent readers,Blinded to reference results,Antibody,Rapid diagnostic test (RDT),Detection of current infection; Detection of past infection,Novel Coronavirus (2019-nCoV) Ab Test (Colloidal Gold),Innovita Biological Technology Co. Ltd,Not available,20200304,Plasma; Serum,IgG; IgM,Not available,Not available,Not available,Not available,Not available,Not available,Not available,Overall,224,116,108,66,104,56.9,96.3,https://covidtestingproject.org/,Not available,Some band smearing
University of California,Not available,United States of America (USA),San Francisco,Confirmed COVID-19 patients,Not available,Nasopharyngeal swabs; Oropharyngeal swabs,Retrospective set,RT-PCR,Interpretation by two independent readers,Blinded to reference results,Antibody,Rapid diagnostic test (RDT),Detection of current infection; Detection of past infection,COVID-19 IgG/IgM Rapid Test Cassette,Premier Biotech,INGM-MC42S,COV200300 71,Plasma; Serum,IgG; IgM,Not available,Not available,Not available,Not available,Not available,Not available,Not available,Overall,237,129,108,91,105,70.5,97.2,https://covidtestingproject.org/,Not available,Some band smearing
University of California,Not available,United States of America (USA),San Francisco,Confirmed COVID-19 patients,Not available,Nasopharyngeal swabs; Oropharyngeal swabs,Retrospective set,RT-PCR,Interpretation by two independent readers,Blinded to reference results,Antibody,Rapid diagnostic test (RDT),Detection of current infection; Detection of past infection,SARS-CoV-2 IgM/IgG Ab Rapid Test,"Sure Bio-Tech (USA) Co., Ltd",VC012103,COV125200 3B,Plasma; Serum,IgG,Not available,Not available,Not available,Not available,Not available,Not available,Not available,Overall,237,129,108,73,108,56.6,100,https://covidtestingproject.org/,Not available,Not available
University of California,Not available,United States of America (USA),San Francisco,Confirmed COVID-19 patients,Not available,Nasopharyngeal swabs; Oropharyngeal swabs,Retrospective set,RT-PCR,Interpretation by two independent readers,Blinded to reference results,Antibody,Rapid diagnostic test (RDT),Detection of current infection; Detection of past infection,SARS-CoV-2 IgM/IgG Ab Rapid Test,"Sure Bio-Tech (USA) Co., Ltd",VC012103,COV125200 3B,Plasma; Serum,IgG; IgM,Not available,Not available,Not available,Not available,Not available,Not available,Not available,Overall,237,129,108,74,108,57.4,100,https://covidtestingproject.org/,Not available,Not available
University of California,Not available,United States of America (USA),San Francisco,Confirmed COVID-19 patients,Not available,Nasopharyngeal swabs; Oropharyngeal swabs,Retrospective set,RT-PCR,Interpretation by two independent readers,Blinded to reference results,Antibody,Rapid diagnostic test (RDT),Detection of current infection; Detection of past infection,COVID-19 IgG/IgM Rapid Test Cassette,Premier Biotech,INGM-MC42S,COV200300 71,Plasma; Serum,IgG,Not available,Not available,Not available,Not available,Not available,Not available,Not available,Overall,237,129,108,69,107,53.5,99.1,https://covidtestingproject.org/,Not available,Some band smearing
University of California,Not available,United States of America (USA),San Francisco,Confirmed COVID-19 patients,Not available,Nasopharyngeal swabs; Oropharyngeal swabs,Retrospective set,RT-PCR,Interpretation by two independent readers,Blinded to reference results,Antibody,Rapid diagnostic test (RDT),Detection of current infection; Detection of past infection,Coronavirus IgG/IgM Antibody (COVID-19) Test Cassette,UCP Biosciences,U-CoV-102,"SMP202003 12, SMP202003 13",Plasma; Serum,IgG,Not available,Not available,Not available,Not available,Not available,Not available,Not available,Overall,237,130,107,73,105,56.2,98.1,https://covidtestingproject.org/,Not available,Extra diluent necessary
University of California,Not available,United States of America (USA),San Francisco,Confirmed COVID-19 patients,Not available,Nasopharyngeal swabs; Oropharyngeal swabs,Retrospective set,RT-PCR,Interpretation by two independent readers,Blinded to reference results,Antibody,Rapid diagnostic test (RDT),Detection of current infection; Detection of past infection,Coronavirus IgG/IgM Antibody (COVID-19) Test Cassette,UCP Biosciences,U-CoV-102,"SMP202003 12, SMP202003 13",Plasma; Serum,IgG; IgM,Not available,Not available,Not available,Not available,Not available,Not available,Not available,Overall,237,130,107,80,105,61.5,98.1,https://covidtestingproject.org/,Not available,Extra diluent necessary
University of California,Not available,United States of America (USA),San Francisco,Confirmed COVID-19 patients,Not available,Nasopharyngeal swabs; Oropharyngeal swabs,Retrospective set,RT-PCR,Interpretation by two independent readers,Blinded to reference results,Antibody,Enzyme-linked immunosorbent assay (ELISA),Detection of current infection; Detection of past infection,EDI? Novel Coronavirus COVID-19 IgG ELISA Kit,"Epitope Diagnostics, Inc.",KT-1033,P637U,Plasma; Serum,IgG,Not available,Not available,Not available,Not available,Not available,Not available,Not available,Overall,238,130,108,96,98,73.8,90.7,https://covidtestingproject.org/,Not available,Not available
University of California,Not available,United States of America (USA),San Francisco,Confirmed COVID-19 patients,Not available,Nasopharyngeal swabs; Oropharyngeal swabs,Retrospective set,RT-PCR,Interpretation by two independent readers,Blinded to reference results,Antibody,Enzyme-linked immunosorbent assay (ELISA),Detection of current infection; Detection of past infection,EDI? Novel Coronavirus COVID-19 IgM ELISA Kit; EDI? Novel Coronavirus COVID-19 IgG ELISA Kit,"Epitope Diagnostics, Inc.",KT-1032; KT-1033,P630C; P637U,Plasma; Serum,IgG; IgM,Not available,Not available,Not available,Not available,Not available,Not available,Not available,Overall,238,130,108,98,97,75.4,89.8,https://covidtestingproject.org/,Not available,Not available
University of California,Not available,United States of America (USA),San Francisco,Confirmed COVID-19 patients,Not available,Nasopharyngeal swabs; Oropharyngeal swabs,Retrospective set,RT-PCR,Interpretation by two independent readers,Blinded to reference results,Antibody,Rapid diagnostic test (RDT),Detection of current infection; Detection of past infection,VivaDiag COVID-19 IgM/IgG Rapid Test,"VivaChek Biotech (Hangzhou) Co., Ltd",VID35-08- 011,E2003002,Plasma; Serum,IgG,Not available,Not available,Not available,Not available,Not available,Not available,Not available,Overall,220,121,99,77,95,63.6,96,https://covidtestingproject.org/,Not available,Some band smearing
University of California,Not available,United States of America (USA),San Francisco,Confirmed COVID-19 patients,Not available,Nasopharyngeal swabs; Oropharyngeal swabs,Retrospective set,RT-PCR,Interpretation by two independent readers,Blinded to reference results,Antibody,Rapid diagnostic test (RDT),Detection of current infection; Detection of past infection,VivaDiag COVID-19 IgM/IgG Rapid Test,"VivaChek Biotech (Hangzhou) Co., Ltd",VID35-08- 011,E2003002,Plasma; Serum,IgG; IgM,Not available,Not available,Not available,Not available,Not available,Not available,Not available,Overall,220,121,99,79,94,65.3,94.9,https://covidtestingproject.org/,Not available,Some band smearing
University of California,Not available,United States of America (USA),San Francisco,Confirmed COVID-19 patients,Not available,Nasopharyngeal swabs; Oropharyngeal swabs,Retrospective set,RT-PCR,Interpretation by two independent readers,Blinded to reference results,Antibody,Rapid diagnostic test (RDT),Detection of current infection; Detection of past infection,SARS-CoV-2 Antibody Test (Lateral Flow Method),"Guangzhou Wondfo Biotech Co., Ltd",W195,W19500318,Plasma; Serum,IgG; IgM,Not available,Not available,Not available,Not available,Not available,Not available,Not available,Overall,232,126,106,87,105,69,99.1,https://covidtestingproject.org/,Not available,Some band smearing
The Key Laboratory of Clinical In Vitro Diagnostic Techniques of Zhejiang Province,Hospital,China,Hangshou,Confirmed COVID-19 patients,Not available,Not available,Prospectively collected set,RT-PCR,No replicates,Not blinded to reference results,Antibody,Enzyme-linked immunosorbent assay (ELISA),Not available,Wantai SARS-CoV-2 Ab ELISA,"Beijing Wantai Biological Pharmacy Enterprise Co., Ltd",Not available,Not available,Plasma,Total Ig,Not available,Not available,Not available,Not available,Not available,Not available,Not available,Overall,380,80,300,78,300,97.5,100,https://www.medrxiv.org/content/10.1101/2020.03.23.20041707v1.full.pdf,10.1101/2020.03.23.20041707,Not available
Bacteriology and Hygiene Bicetre Laboratory Hospital,Hospital,France,Kremlin-Bicêtre,Confirmed COVID-19 patients,Mild; Moderate; Severe; Critical,Nasopharyngeal swabs,Retrospective set,RT-PCR,No replicates,Blinded to reference results,Antibody,Rapid diagnostic test (RDT) with reader,Detection of current infection,Finecare SARS-CoV-2 Antibody test,"Guangzhou Wondfo Biotech Co., Ltd",W276,F27614309AD,Serum,Total Ig,Not available,Not available,Not available,Not available,Not available,Not available,Not available,Overall,497,249,248,195,244,78.3,98.4,Not available,Not available,Not available
Bacteriology and Hygiene Bicetre Laboratory Hospital,Hospital,France,Kremlin-Bicêtre,Confirmed COVID-19 patients,Mild; Moderate; Severe; Critical,Nasopharyngeal swabs,Retrospective set,RT-PCR,No replicates,Blinded to reference results,Antibody,Rapid diagnostic test (RDT),Detection of current infection,2019-nCoV IgG/IgM Rapid Test Cassette,AutoBio Diagnostics,RTA0202,21C22-J01,Serum,IgG; IgM,Not available,Not available,Not available,Not available,Not available,Not available,Not available,Overall,497,249,248,184,233,73.9,94,Not available,Not available,Not available
Bacteriology and Hygiene Bicetre Laboratory Hospital,Hospital,France,Kremlin-Bicêtre,Confirmed COVID-19 patients,Mild; Moderate; Severe; Critical,Nasopharyngeal swabs,Retrospective set,RT-PCR,No replicates,Blinded to reference results,Antibody,Rapid diagnostic test (RDT),Detection of current infection,2019-nCoV IgG/IgM Rapid Test Cassette,"Avioq Bio-Tech Co., Ltd",Not available,20200201,Serum,IgG; IgM,Not available,Not available,Not available,Not available,Not available,Not available,Not available,Overall,482,244,238,166,225,68,94.5,Not available,Not available,Not available
Bacteriology and Hygiene Bicetre Laboratory Hospital,Hospital,France,Kremlin-Bicêtre,Confirmed COVID-19 patients,Mild; Moderate; Severe; Critical,Nasopharyngeal swabs,Prospectively collected set,RT-PCR,No replicates,Blinded to reference results,Antibody,Rapid diagnostic test (RDT),Detection of current infection,SARS-CoV-2 Antibody Test (Lateral Flow Method),"Guangzhou Wondfo Biotech Co., Ltd",W195,W1900329,Serum,Total Ig,Not available,Not available,Not available,Not available,Not available,Not available,Not available,Overall,497,249,248,193,239,77.5,96.4,Not available,Not available,Not available
"Centre for Drugs and Diagnostics, Liverpool School of Tropical Medicine",Hospital,Great Britain,London,Confirmed COVID-19 patients,Not available,Nasopharyngeal swabs,Prospectively collected set,RT-PCR,No replicates,Not blinded to reference results,Antibody,Enzyme-linked immunosorbent assay (ELISA),Not available,COVID-19 IgG ELISA,Mologic Ltd,Not available,Not available,Serum,IgG,Not available,Not available,Not available,Not available,Not available,Not available,Not available,Overall,834,270,564,238,549,88.1,97.3,https://www.medrxiv.org/content/10.1101/2020.04.29.20082099v1.full.pdf,10.1101/2020.04.29.20082099,"Note, manufacturer is among authors. Sensitivity: Total SARS-CoV-2 positive samples ranging from day 0 - 42 post laboratory diagnosis with RT-PCR Specificity: Total SARS-CoV-2 negative samples ranging from 2018 - 2019"
"Tongji Medical College, Huazhong University of Science and Technology",Hospital,China,Wuhan,Symptomatic patients,Not available,Nasopharyngeal swabs; Oropharyngeal swabs,Prospectively collected set,RT-PCR,Not available,Not available,Antibody,Enzyme-linked immunosorbent assay (ELISA),Detection of current infection,IgG/IgM ELISA kit,Zhuhai Livzon Diagnostics Inc,Not available,20200308,Serum,IgG,Not available,Not available,Not available,Not available,Not available,Not available,Not available,Overall,84,24,60,17,57,70.8,,https://www.ncbi.nlm.nih.gov/pmc/articles/PMC7188146/pdf/ciaa461.pdf,10.1093/cid/ciaa461,Diagnostic value of serological IgM and IgG antibodies for suspected COVID-19 pneumonia patients was evaluated in 24 patients with negative nucleic acid tests.
Department of Clinical Laboratory - Saitama Medical University,Hospital,Japan,Not available,Confirmed COVID-19 patients,Not available,Nasopharyngeal swabs,Retrospective set,RT-PCR,Not available,Not available,Antibody,Immunochromatographic test,Detection of current infection,One Step Novel Coronavirus (COVID-19) IgM/IgG Antibody Test,Artron Laboratories Inc.,Not available,Not available,Serum,IgG; IgM,Not available,Not available,Not available,Not available,Not available,Not available,Not available,Overall,187,139,48,60,48,43.2,100,https://www.medrxiv.org/content/10.1101/2020.04.22.20075564v1.full.pdf,10.1101/2020.04.22.20075564,Specificity was calculated using stored serum samples collected in early 2019
Department of Clinical Laboratory - Saitama Medical University,Hospital,Japan,Not available,Confirmed COVID-19 patients,Not available,Nasopharyngeal swabs,Retrospective set,RT-PCR,Not available,Not available,Antibody,Immunochromatographic test,Detection of current infection,One Step Novel Coronavirus (COVID-19) IgM/IgG Antibody Test,Artron Laboratories Inc.,Not available,Not available,Serum,IgG,Not available,Not available,Not available,Not available,Not available,Not available,Not available,Overall,187,139,48,20,48,14.4,100,https://www.medrxiv.org/content/10.1101/2020.04.22.20075564v1.full.pdf,10.1101/2020.04.22.20075564,Specificity was calculated using stored serum samples collected in early 2019
Shenzhen Third People?s Hospital,Hospital,China,Shenzhen,Confirmed COVID-19 patients,Critical; Other; Not available,Respiratory specimen,Prospectively collected set,Clinical examination; Computed Tomography (CT); RT-PCR,Not available,Not available,Antibody,Enzyme-linked immunosorbent assay (ELISA),Detection of current infection,IgG/IgM ELISA kit,"Beijing Wantai Biological Pharmacy Enterprise Co., Ltd",Not available,Not available,Plasma,IgG,Not available,Not available,Not available,Not available,Not available,Not available,Not available,Overall,370,173,197,112,195,64.7,99,https://www.ncbi.nlm.nih.gov/pmc/articles/PMC7184337/pdf/ciaa344.pdf,10.1093/cid/ciaa344,Not available
"Department of Infectious Diseases, Southwest Hospital, Third Military Medical University",Hospital,China,Chongqing,Confirmed COVID-19 patients,Mild; Moderate; Severe,Not available,Prospectively collected set,WHO Interim Guidance,No replicates,Not available,Antibody,Enzyme-linked immunosorbent assay (ELISA),Detection of current infection,IgG/IgM ELISA kit,Zhuhai Livzon Diagnostics Inc,Not available,Not available,Serum,IgG,Not available,Not available,Not available,Not available,Not available,Not available,Not available,Overall,Not available,65,Not available,45,Not available,69.2,,https://www.medrxiv.org/content/10.1101/2020.03.24.20042382v1.full.pdf,10.1101/2020.03.24.20042382,"For late period, samples collected at 21 days after symptoms onset were considered."
"Taizhou Hospital, Wenzhou Medical University",Hospital,China,Linhai,Symptomatic patients,Severe; Other,Nasopharyngeal swabs; Oropharyngeal swabs,Prospectively collected set,RT-PCR,Not available,Not available,Antibody,Rapid diagnostic test (RDT),Detection of current infection,Novel Coronavirus (SARS-CoV-2) Antibody (IgM / IgG) Test (Colloidal Gold),"Shanghai Outdo Biotech Co., Ltd",Not available,20200101,Serum,IgG; IgM,Not available,Not available,Not available,Not available,Not available,Not available,Not available,Overall,150,97,53,69,51,71.1,96.2,https://www.ncbi.nlm.nih.gov/pmc/articles/PMC7191168/pdf/ajtr0012-1348.pdf,Not available,Not available
The Key Laboratory of Clinical In Vitro Diagnostic Techniques of Zhejiang Province,Hospital,China,Hangshou,Confirmed COVID-19 patients,Not available,Not available,Prospectively collected set,RT-PCR,No replicates,Not blinded to reference results,Antibody,Enzyme-linked immunosorbent assay (ELISA),Not available,Wantai SARS-CoV-2 IgG ELISA,"Beijing Wantai Biological Pharmacy Enterprise Co., Ltd",Not available,Not available,Plasma,IgG,Not available,Not available,Not available,Not available,Not available,Not available,Not available,Overall,180,80,100,71,100,88.8,100,https://www.medrxiv.org/content/10.1101/2020.03.23.20041707v1.full.pdf,10.1101/2020.03.23.20041707,Not available
"Dipartimento di Medicina Clinica e Sperimentale, University of Catania,",Public Health,Italy,Catania,Confirmed COVID-19 patients,Not available,Nasopharyngeal swabs; Other; Bronchial aspirate,Prospectively collected set,RT-PCR,Not available,Not available,Antibody,Rapid diagnostic test (RDT),Not available,2019-nCoV IgG/IgM Rapid Testing Kit,"Beijing Diagreat Biotechnologies Co., Ltd",Not available,Not available,Whole blood,IgG; IgM,Not available,Not available,Not available,Not available,Not available,Not available,Not available,Overall,37,23,14,19,13,82.6,92.9,https://www.ncbi.nlm.nih.gov/pmc/articles/PMC7177053/pdf/main.pdf,10.1016/j.jinf.2020.04.022,The time from symptoms onset to antibody testing ranged from 3 to 34 days.
The Key Laboratory of Clinical In Vitro Diagnostic Techniques of Zhejiang Province,Hospital,China,Hangshou,Confirmed COVID-19 patients,Not available,Not available,Prospectively collected set,RT-PCR,No replicates,Not blinded to reference results,Antibody,Rapid diagnostic test (RDT),Not available,Wantai SARS-CoV-2 Ab Rapid Test,"Beijing Wantai Biological Pharmacy Enterprise Co., Ltd",Not available,Not available,Plasma,Total Ig,Not available,Not available,Not available,Not available,Not available,Not available,Not available,Overall,289,80,209,78,199,97.5,95.2,https://www.medrxiv.org/content/10.1101/2020.03.23.20041707v1.full.pdf,10.1101/2020.03.23.20041707,Not available
"Department of Laboratory Medicine, Shengjing Hospital of China Medical University",Hospital,China,Shenyang,Symptomatic patients,Moderate; Severe,Nasopharyngeal swabs,Prospectively collected set,RT-PCR,No replicates,Not available,Antibody,Chemiluminescence immunoassay (CLIA),Detection of current infection,Chemiluminescence detection kit,Shenzhen Yhlo Biotech Co. Ltd,Not available,Not available,Serum,IgG,Not available,Not available,Not available,Not available,Not available,Not available,Not available,Overall,736,3,733,3,726,100,99,https://www.medrxiv.org/content/10.1101/2020.03.04.20030916v2.full.pdf,10.1101/2020.03.04.20030916,Not available
The Key Laboratory of Clinical In Vitro Diagnostic Techniques of Zhejiang Province,Hospital,China,Hangshou,Confirmed COVID-19 patients,Not available,Not available,Prospectively collected set,RT-PCR,No replicates,Not blinded to reference results,Antibody,Rapid diagnostic test (RDT),Not available,Wantai SARS-CoV-2 IgG Rapid Test,"Beijing Wantai Biological Pharmacy Enterprise Co., Ltd",Not available,Not available,Plasma,IgG,Not available,Not available,Not available,Not available,Not available,Not available,Not available,Overall,289,80,209,69,208,86.2,99.5,https://www.medrxiv.org/content/10.1101/2020.03.23.20041707v1.full.pdf,10.1101/2020.03.23.20041707,Not available
The Key Laboratory of Clinical In Vitro Diagnostic Techniques of Zhejiang Province,Hospital,China,Hangzhou,Confirmed COVID-19 patients,Not available,Not available,Prospectively collected set,RT-PCR,No replicates,Not blinded to reference results,Antibody,Chemiluminescence immunoassay (CLIA),Not available,CMIA-Ab,"Xiamen InnoDx Biotech Co., Ltd.",Not available,Not available,Plasma,Total Ig,Not available,Not available,Not available,Not available,Not available,Not available,Not available,Overall,380,80,300,77,298,96.2,99.3,https://www.medrxiv.org/content/10.1101/2020.03.23.20041707v1.full.pdf,10.1101/2020.03.23.20041707,Not available
Hospital Universitario Príncipe de Asturias,Hospital,Spain,Not available,Confirmed COVID-19 patients,Not available,Plasma; Serum; Whole blood,Retrospective set,RT-PCR,No replicates,Not blinded to reference results,Antibody,Rapid diagnostic test (RDT),Detection of current infection,AllTest COV-19 IgG / IgM kit,AllTest Biotech,Not available,Not available,Serum,IgG,Not available,Not available,Not available,Not available,Not available,Not available,Not available,Overall,163,55,108,23,52,41.8,48.1,https://www.medrxiv.org/content/10.1101/2020.04.11.20062158v2.full.pdf,10.1101/2020.04.11.20062158,Not available
Uppsala University Hospital,Hospital,Sweden,Uppsala,Confirmed COVID-19 patients,Not available,Not available,Retrospective set,RT-PCR,Not available,Not available,Antibody,Enzyme-linked immunosorbent assay (ELISA),Detection of current infection; Detection of past infection,COVID-19 IgG/IgM Rapid Test Cassette,Zhejiang Orient Gene Biotech,GCCOV-402,2003242,Serum; Whole blood,IgG,Not available,Not available,Not available,Not available,Not available,Not available,Not available,Overall,153,29,124,27,123,93.1,99.2,https://www.tandfonline.com/doi/full/10.1080/20008686.2020.1754538#aHR0cHM6Ly93d3cudGFuZGZvbmxpbmUuY29tL2RvaS9wZGYvMTAuMTA4MC8yMDAwODY4Ni4yMDIwLjE3NTQ1Mzg/bmVlZEFjY2Vzcz10cnVlQEBAMA==,10.1080/20008686.2020.1754538,Not available
Montpellier University Hospital,Hospital,France,Montpellier,Confirmed COVID-19 patients,Not available,Plasma,Prospectively collected set,RT-PCR,Not available,Not available,Antibody,Enzyme-linked immunosorbent assay (ELISA),Detection of current infection,ID Screen SARS-COV-2-N IgG indirect,ID.Vet,Not available,Not available,Plasma,IgG,Not available,Not available,Not available,Not available,70%,60%,Not available,Overall,58,38,20,Not available,Not available,86.7,100,https://www.medrxiv.org/content/10.1101/2020.05.04.20090027v1.full.pdf,10.1101/2020.05.04.20090027,"Cases: PCR-confirmed cases as well as suspected COVID-19 Early days of infection, N: 9 Intermediate days of infection, N: 14 Late days of infection, N: 15 Controls: Stored samples from before the pandemic"
Emory University Nell Hodgson Woodruff School of Nursing,Hospital,United States of America (USA),Atlanta,Confirmed COVID-19 patients,Mild; Moderate; Severe,Not available,Retrospective set,RT-PCR,Not available,Not available,Antibody,Enzyme-linked immunosorbent assay (ELISA),Detection of current infection,IgG indirect ELISA assay,GenScript,Not available,Not available,Serum,IgG,Not available,Not available,Not available,Not available,Not available,Not available,Not available,Overall,96,18,78,Not available,Not available,88.9,92.3,https://www.medrxiv.org/content/10.1101/2020.05.10.20097535v1.full.pdf,10.1101/2020.05.10.20097535,Cases:hospitalized and actively symptomatic Controls:pre-2020 healthy adult control participants A cut-off of 0.89 OD
Montpellier University Hospital,Hospital,France,Montpellier,Confirmed COVID-19 patients,Not available,Plasma,Prospectively collected set,RT-PCR,Not available,Not available,Antibody,Enzyme-linked immunosorbent assay (ELISA),Detection of current infection,"Anti-SARS-CoV-2 ELISA (IgG) (manual, automated)",EUROIMMUN AG,Not available,Not available,Plasma,IgG,Not available,Not available,Not available,Not available,1.1,0.8,Not available,Overall,58,38,20,Not available,Not available,86.7,85,https://www.medrxiv.org/content/10.1101/2020.05.04.20090027v1.full.pdf,10.1101/2020.05.04.20090027,"Cases: PCR-confirmed cases as well as suspected COVID-19 Early days of infection, N: 9 Intermediate days of infection, N: 14 Late days of infection, N: 15 Controls: Stored samples from before the pandemic"
Montpellier University Hospital,Hospital,France,Montpellier,Confirmed COVID-19 patients,Not available,Plasma,Prospectively collected set,RT-PCR,Not available,Not available,Antibody,Rapid diagnostic test (RDT),Detection of current infection,2019-nCoV IgM/IgG Antibody Test Kit,Zhuhai Livzon Diagnostics Inc,Not available,Not available,Plasma,IgG,Not available,Not available,Not available,Not available,Not available,Not available,Not available,Overall,58,38,20,Not available,Not available,86.7,100,https://www.medrxiv.org/content/10.1101/2020.05.04.20090027v1.full.pdf,10.1101/2020.05.04.20090027,"Cases: PCR-confirmed cases as well as suspected COVID-19 Early days of infection, N: 9 Intermediate days of infection, N: 14 Late days of infection, N: 15 Controls: Stored samples from before the pandemic"
Montpellier University Hospital,Hospital,France,Montpellier,Confirmed COVID-19 patients,Not available,Plasma,Prospectively collected set,RT-PCR,Not available,Not available,Antibody,Rapid diagnostic test (RDT),Detection of current infection,Accu-Tell COVID-19 IgG/IgM Rapid Test Cassette,AccuBioTech Co. Ltd,Not available,Not available,Plasma,IgG,Not available,Not available,Not available,Not available,Not available,Not available,Not available,Overall,58,38,20,Not available,Not available,84.6,100,https://www.medrxiv.org/content/10.1101/2020.05.04.20090027v1.full.pdf,10.1101/2020.05.04.20090027,"Cases: PCR-confirmed cases as well as suspected COVID-19 Early days of infection, N: 9 Intermediate days of infection, N: 14 Late days of infection, N: 15 Controls: Stored samples from before the pandemic"
Montpellier University Hospital,Hospital,France,Montpellier,Confirmed COVID-19 patients,Not available,Plasma,Prospectively collected set,RT-PCR,Not available,Not available,Antibody,Rapid diagnostic test (RDT),Detection of current infection,COVID-19 IgG/IgM Rapid Test Kit,"UNscience Biotechnology Co., Ltd.",Not available,Not available,Plasma,IgG,Not available,Not available,Not available,Not available,Not available,Not available,Not available,Overall,58,38,20,Not available,Not available,86.7,95,https://www.medrxiv.org/content/10.1101/2020.05.04.20090027v1.full.pdf,10.1101/2020.05.04.20090027,"Cases: PCR-confirmed cases as well as suspected COVID-19 Early days of infection, N: 9 Intermediate days of infection, N: 14 Late days of infection, N: 15 Controls: Stored samples from before the pandemic"
Montpellier University Hospital,Hospital,France,Montpellier,Confirmed COVID-19 patients,Not available,Plasma,Prospectively collected set,RT-PCR,Not available,Not available,Antibody,Rapid diagnostic test (RDT),Detection of current infection,2019-nCoV IgM/IgG Rapid Test,"Acro Biotech, Inc.",Not available,Not available,Plasma,IgG,Not available,Not available,Not available,Not available,Not available,Not available,Not available,Overall,58,38,20,Not available,Not available,84.6,100,https://www.medrxiv.org/content/10.1101/2020.05.04.20090027v1.full.pdf,10.1101/2020.05.04.20090027,"Cases: PCR-confirmed cases as well as suspected COVID-19 Early days of infection, N: 9 Intermediate days of infection, N: 14 Late days of infection, N: 15 Controls: Stored samples from before the pandemic"
Montpellier University Hospital,Hospital,France,Montpellier,Confirmed COVID-19 patients,Not available,Plasma,Prospectively collected set,RT-PCR,Not available,Not available,Antibody,Rapid diagnostic test (RDT),Detection of current infection,2019-nCoV IgM/IgG Diagnostic Test Kit,"Chongqing iSIA BIO-Technology Co., Ltd.",Not available,Not available,Plasma,IgG,Not available,Not available,Not available,Not available,Not available,Not available,Not available,Overall,58,38,20,Not available,Not available,80,100,https://www.medrxiv.org/content/10.1101/2020.05.04.20090027v1.full.pdf,10.1101/2020.05.04.20090027,"Cases: PCR-confirmed cases as well as suspected COVID-19 Early days of infection, N: 9 Intermediate days of infection, N: 14 Late days of infection, N: 15 Controls: Stored samples from before the pandemic"
"Helsinki University Hospital Laboratory, Finland",Hospital,Finland,Not available,Confirmed COVID-19 patients,Mild; Moderate; Severe,Serum,Not available,Microneutralization test (MNT),Not available,Not available,Antibody,Enzyme-linked immunosorbent assay (ELISA),Not available,SARS-CoV-2 IgG,Abbott Diagnostics Inc.,Not available,Not available,Serum,IgG,Not available,Not available,Not available,Not available,Not available,Not available,Not available,Overall,123,41,82,33,78,80.5,95.1,https://www.medrxiv.org/content/10.1101/2020.05.18.20101618v1.full.pdf,10.1101/2020.05.18.20101618,"Analysis using the Architect Plus i2000sr Analyzer (Abbott, Illinois, USA) Test cut-off 1.4 index Days of sickness: 3 to 16 days"
The First Affiliated Hospital of University of Science and Technology of China,Hospital,China,Hefei,Symptomatic patients,Severe; Other,Nasopharyngeal swabs; Oropharyngeal swabs,Prospectively collected set,RT-PCR,Not available,Not available,Antibody,Chemiluminescence immunoassay (CLIA),Not available,iFlash-SARS-CoV-2 IgG,Shenzhen Yhlo Biotech Co. Ltd,Not available,Not available,Serum,IgG,Not available,Not available,Not available,Not available,Not available,Not available,Not available,Overall,56,16,40,16,0,100,0,https://onlinelibrary.wiley.com/doi/pdf/10.1002/jmv.25930,10.1002/jmv.25930,"The cutoff value for a positive result was 10, and samples with values greater than or equal to10 AU/mL were considered positive for SARS?CoV?2 infection."
Clinical Trials Research Laboratory - Royal Melbourne Hospital,Hospital,Australia,Melbourne,Confirmed COVID-19 patients,Not available,Respiratory specimen,Not available,RT-PCR,Triplicates,Blinded to reference results,Antibody,Rapid diagnostic test (RDT),Detection of current infection; Detection of past infection,OnSite COVID-19 IgG/IgM Rapid Test,"CTK Biotech, Inc.",Not available,Not available,Serum,IgG,Not available,Not available,Not available,Not available,Not available,Not available,Not available,Overall,229,137,92,64,Not available,46.7,98.9,https://www.health.gov.au/sites/default/files/documents/2020/05/post-market-validation-of-three-serological-assays-for-covid-19-final-report.pdf,Not available,Controls: Other non-COVID-19 infections; pre-pandemic controls
Clinical Trials Research Laboratory - Royal Melbourne Hospital,Hospital,Australia,Melbourne,Confirmed COVID-19 patients,Not available,Respiratory specimen,Not available,RT-PCR,Triplicates,Blinded to reference results,Antibody,Rapid diagnostic test (RDT),Detection of current infection; Detection of past infection,OnSite COVID-19 IgG/IgM Rapid Test,"CTK Biotech, Inc.",Not available,Not available,Serum,IgG; IgM,Not available,Not available,Not available,Not available,Not available,Not available,Not available,Overall,229,137,92,78,Not available,56.9,95.6,https://www.health.gov.au/sites/default/files/documents/2020/05/post-market-validation-of-three-serological-assays-for-covid-19-final-report.pdf,Not available,Controls: Other non-COVID-19 infections; pre-pandemic controls
Clinical Trials Research Laboratory - Royal Melbourne Hospital,Hospital,Australia,Melbourne,Symptomatic patients,Not available,Respiratory specimen,Not available,RT-PCR,Duplicates,Blinded to reference results,Antibody,Rapid diagnostic test (RDT),Detection of current infection; Detection of past infection,VivaDiag COVID-19 IgM/IgG Rapid Test,"VivaChek Biotech (Hangzhou) Co., Ltd",Not available,Not available,Serum,IgG,Not available,Not available,Not available,Not available,Not available,Not available,Not available,Overall,229,137,92,71,Not available,51.8,98.9,https://www.health.gov.au/sites/default/files/documents/2020/05/post-market-validation-of-three-serological-assays-for-covid-19-final-report.pdf,Not available,Controls: Other non-COVID-19 infections; pre-pandemic controls
Clinical Trials Research Laboratory - Royal Melbourne Hospital,Hospital,Australia,Melbourne,Confirmed COVID-19 patients,Not available,Respiratory specimen,Not available,RT-PCR,Duplicates,Blinded to reference results,Antibody,Rapid diagnostic test (RDT),Detection of current infection; Detection of past infection,VivaDiag COVID-19 IgM/IgG Rapid Test,"VivaChek Biotech (Hangzhou) Co., Ltd",Not available,Not available,Serum,IgG; IgM,Not available,Not available,Not available,Not available,Not available,Not available,Not available,Overall,229,137,92,71,Not available,51.8,97.8,https://www.health.gov.au/sites/default/files/documents/2020/05/post-market-validation-of-three-serological-assays-for-covid-19-final-report.pdf,Not available,Controls: Other non-COVID-19 infections; pre-pandemic controls
"Helsinki University Hospital Laboratory, Finland",Hospital,Finland,Not available,Confirmed COVID-19 patients,Mild; Moderate; Severe,Serum,Not available,Microneutralization test (MNT),Not available,Not available,Antibody,Enzyme-linked immunosorbent assay (ELISA),Not available,"Anti-SARS-CoV-2 ELISA (IgG) (manual, automated)",EUROIMMUN AG,Not available,Not available,Serum,IgG,Not available,Not available,Not available,Not available,Not available,Not available,Not available,Overall,123,41,82,29,71,70.7,86.6,https://www.medrxiv.org/content/10.1101/2020.05.18.20101618v1.full.pdf,10.1101/2020.05.18.20101618,"Analysis using EUROLabworkstation (Euroimmun, Lübeck, Germany) Test cut-off 1.1 ratio Days of sickness: 3 to 16 days"
Clinical Trials Research Laboratory - Royal Melbourne Hospital,Hospital,Australia,Melbourne,Confirmed COVID-19 patients,Not available,Respiratory specimen,Not available,RT-PCR,No replicates,Blinded to reference results,Antibody,Rapid diagnostic test (RDT),Detection of current infection; Detection of past infection,EUROIMMUN EIA,EUROIMMUN AG,Not available,Not available,Serum,IgG,Not available,Not available,Not available,Not available,Not available,Not available,Not available,Overall,208,116,92,67,90,,97.8,https://www.health.gov.au/sites/default/files/documents/2020/05/post-market-validation-of-three-serological-assays-for-covid-19-final-report.pdf,Not available,Controls: Other non-COVID-19 infections; pre-pandemic controls
Clinical Trials Research Laboratory - Royal Melbourne Hospital,Hospital,Australia,Melbourne,Confirmed COVID-19 patients,Not available,Respiratory specimen,Not available,RT-PCR,No replicates,Blinded to reference results,Antibody,Rapid diagnostic test (RDT),Detection of current infection; Detection of past infection,EUROIMMUN EIA,EUROIMMUN AG,Not available,Not available,Serum,IgA; IgG,Not available,Not available,Not available,Not available,Not available,Not available,Not available,Overall,208,116,92,79,67,68.1,72.8,https://www.health.gov.au/sites/default/files/documents/2020/05/post-market-validation-of-three-serological-assays-for-covid-19-final-report.pdf,Not available,Controls: Other non-COVID-19 infections; pre-pandemic controls
"Helsinki University Hospital Laboratory, Finland",Hospital,Finland,Not available,Confirmed COVID-19 patients,Mild; Moderate; Severe,Serum,Not available,Microneutralization test (MNT),Not available,Not available,Antibody,Enzyme-linked immunosorbent assay (ELISA),Detection of current infection,SARS-CoV-2 S1/S2 IgG kit,DiaSorin S.p.A.,Not available,Not available,Serum,IgG,Not available,Not available,Not available,Not available,Not available,Not available,Not available,Overall,111,32,79,14,75,43.8,94.9,https://www.medrxiv.org/content/10.1101/2020.05.18.20101618v1.full.pdf,10.1101/2020.05.18.20101618,"Analysis using Diasorin Liaison® XL (DiaSorin, Saluggia, Italy) Test cut-off 15 AU/ml Days of sickness: 3 to 16 days"
"Helsinki University Hospital Laboratory, Finland",Hospital,Finland,Not available,Confirmed COVID-19 patients,Mild; Moderate; Severe,Serum,Not available,Microneutralization test (MNT),Not available,Not available,Antibody,Rapid diagnostic test (RDT),Detection of current infection,2019-nCov IgM/IgG Rapid Test,"Acro Biotech, Inc.",Not available,Not available,Serum,IgG,Not available,Not available,Not available,Not available,Not available,Not available,Not available,Overall,123,41,82,23,61,56.1,74.4,https://www.medrxiv.org/content/10.1101/2020.05.18.20101618v1.full.pdf,10.1101/2020.05.18.20101618,Days of sickness: 3 to 16 days
Emory University Nell Hodgson Woodruff School of Nursing,Hospital,United States of America (USA),Atlanta,Recovered COVID-19 patients,Mild,Not available,Retrospective set,RT-PCR,Not available,Not available,Antibody,Enzyme-linked immunosorbent assay (ELISA),Detection of past infection,IgG indirect ELISA assay,GenScript,Not available,Not available,Serum,IgG,Not available,Not available,Not available,Not available,Not available,Not available,Not available,Overall,92,14,78,4,Not available,28.6,92.3,https://www.medrxiv.org/content/10.1101/2020.05.10.20097535v1.full.pdf,10.1101/2020.05.10.20097535,Cases:recovered mild cases Controls:pre-2020 healthy adult control participants A cut-off of 0.89 OD
"Helsinki University Hospital Laboratory, Finland",Hospital,Finland,Not available,Confirmed COVID-19 patients,Mild; Moderate; Severe,Serum,Not available,Microneutralization test (MNT),Not available,Not available,Antibody,Rapid diagnostic test (RDT),Detection of current infection,SARS-CoV-2 IgG/IgM Rapid Qualitative Test Kit,"Xiamen Biotime Biotechnology Co., Ltd",Not available,Not available,Serum,IgG,Not available,Not available,Not available,Not available,Not available,Not available,Not available,Overall,112,32,80,23,78,71.9,97.5,https://www.medrxiv.org/content/10.1101/2020.05.18.20101618v1.full.pdf,10.1101/2020.05.18.20101618,Days of sickness: 3 to 16 days
General Hospital of Central Theater Command of PLA,Hospital,China,Wuhan,Symptomatic patients,Not available,Pharyngeal swabs,Prospectively collected set,Clinical examination; RT-PCR,Not available,Not available,Antibody,Enzyme-linked immunosorbent assay (ELISA),Detection of current infection,2019-nCoV IgG/IgM Antibody Detection Kit,"Zhuhai Lizhu Reagent Co., Ltd.",Not available,Not available,Serum,IgG,Not available,Not available,Not available,Not available,Not available,Not available,Not available,Overall,358,238,120,168,118,70.6,98.3,https://www.medrxiv.org/content/10.1101/2020.03.06.20031856v1.full.pdf,10.1101/2020.03.06.20031856,Not available
General Hospital of Central Theater Command of PLA,Hospital,China,Wuhan,Symptomatic patients,Not available,Pharyngeal swabs,Prospectively collected set,Clinical examination; RT-PCR,Not available,Not available,Antibody,Enzyme-linked immunosorbent assay (ELISA),Detection of current infection,2019-nCoV IgG/IgM Antibody Detection Kit,"Zhuhai Lizhu Reagent Co., Ltd.",Not available,Not available,Serum,IgG; IgM,Not available,"Shuoshi, Shanghai, China",Not available,Not available,Not available,Not available,Not available,Overall,358,238,120,194,116,81.5,96.7,https://www.medrxiv.org/content/10.1101/2020.03.06.20031856v1.full.pdf,10.1101/2020.03.06.20031856,Not available
"Institute for Medical Virology, University Hospital, Goethe University",Hospital,Germany,Frankfurt,Confirmed COVID-19 patients,Moderate; Severe,Not available,Prospectively collected set,RT-PCR,Not available,Not available,Antibody,Enzyme-linked immunosorbent assay (ELISA),Detection of current infection,"Anti-SARS-CoV-2 ELISA (IgG) (manual, automated)",EUROIMMUN AG,Not available,Not available,Plasma; Serum,IgG,Not available,Not available,Not available,Not available,Ratio >=1.1,Ratio <0.8,Not available,Overall,59,33,26,25,25,75.8,96.2,https://www.biorxiv.org/content/biorxiv/early/2020/05/10/2020.05.08.085506.full.pdf,10.1101/2020.05.08.085506,Control: samples of individuals with selected PCR- or serologically-confirmed infections
Barnes Jewish Hospital Laboratory,Hospital,United States of America (USA),Saint Louis,Confirmed COVID-19 patients,Not available,Nasopharyngeal swabs; Oropharyngeal swabs; Other; Lower respiratory specimen,Not available,RT-PCR,Not available,Not available,Antibody,Enzyme-linked immunosorbent assay (ELISA),Detection of current infection; Detection of past infection,EI SARS-Cov-2 IgG assay,EUROIMMUN AG,Not available,Not available,Serum,IgG,Not available,Not available,Not available,Not available,Ratio >=1.1,Ratio <0.8,Not available,Overall,256,103,153,64,145,62.1,94.8,https://academic.oup.com/clinchem/advance-article/doi/10.1093/clinchem/hvaa120/5836557,10.1093/clinchem/hvaa120,Controls: symptomatic but PCR negative for SARS-CoV-2; pre-pandemic controls; patients with other coronaviruses confirmed by molecular testing but PCR negative for COVID-19; patients with Influenza A or B; specimens with potentially interfering antibodies Analysis on an automated Inova QUANTA-Lyser 240 (Inova Diagnostics Inc.)
Barnes Jewish Hospital Laboratory,Hospital,United States of America (USA),Saint Louis,Confirmed COVID-19 patients,Not available,Nasopharyngeal swabs; Oropharyngeal swabs; Other; Lower respiratory specimen,Not available,RT-PCR,Not available,Not available,Antibody,Enzyme-linked immunosorbent assay (ELISA),Detection of current infection; Detection of past infection,SARS-CoV-2 IgG,Abbott Diagnostics Inc.,Not available,Not available,Serum,IgG,Not available,Not available,Not available,Not available,Ratio >=1.4,Ratio <1.4,Not available,Overall,256,103,153,62,152,60.2,99.3,https://academic.oup.com/clinchem/advance-article/doi/10.1093/clinchem/hvaa120/5836557,10.1093/clinchem/hvaa120,Controls: symptomatic but PCR negative for SARS-CoV-2; pre-pandemic controls; patients with other coronaviruses confirmed by molecular testing but PCR negative for COVID-19; patients with Influenza A or B; specimens with potentially interfering antibodies Analysis on Abbott Architect i2000 (Abbott Diagnostics)
"Institute for Medical Virology, University Hospital, Goethe University",Hospital,Germany,Frankfurt,Confirmed COVID-19 patients,Moderate; Severe,Not available,Prospectively collected set,RT-PCR,Not available,Not available,Antibody,Rapid diagnostic test (RDT),Detection of current infection,COVID-19 IgG/IgM Rapid Test Device,"Assure Tech. (Hangzhou) Co., Ltd",COV-W32M,Not available,Plasma; Serum,IgG; IgM,Not available,Not available,Not available,Not available,Not available,Not available,Not available,Overall,45,32,13,25,13,78.1,100,https://www.biorxiv.org/content/biorxiv/early/2020/05/10/2020.05.08.085506.full.pdf,10.1101/2020.05.08.085506,Control: samples of individuals with selected PCR- or serologically-confirmed infections
"Institute for Medical Virology, University Hospital, Goethe University",Hospital,Germany,Frankfurt,Confirmed COVID-19 patients,Moderate; Severe,Not available,Prospectively collected set,RT-PCR,Not available,Not available,Antibody,Enzyme-linked immunosorbent assay (ELISA),Detection of current infection,COVID-19 ELISA IgG,Vircell S.L.,Not available,Not available,Plasma; Serum,IgG,Not available,Not available,Not available,Not available,Ratio >0.6,Ratio <0.4,Not available,Overall,57,33,24,28,20,84.8,83.3,https://www.biorxiv.org/content/biorxiv/early/2020/05/10/2020.05.08.085506.full.pdf,10.1101/2020.05.08.085506,Control: samples of individuals with selected PCR- or serologically-confirmed infections
"UOC Microbiologia, AUSL della Romagna, Pievesestina di Cesena",Hospital,Italy,Not available,Confirmed COVID-19 patients,Asymptomatic; Mild; Moderate; Severe; Critical,Nasopharyngeal swabs,Retrospective set,Clinical examination; Epidemiologic criteria; RT-PCR,No replicates,Blinded to reference results,Antibody,Rapid diagnostic test (RDT),Detection of current infection; Detection of past infection,Diagnostic Kit (Colloidal Gold) for IgG/IgM Antibody to SARS-COV-2,"Shanghai Kehua Bio-Engineering co., Ltd.",R-423-25-C-CE,Not available,Plasma; Serum; Whole blood,IgG; IgM,Not available,Not available,Not available,Not available,Not available,Not available,Not available,Overall,407,135,272,92,269,68.1,98.9,Not available,Not available,Control: PCR negative asymptomatic or symptomatic patients
"Department of Laboratory Medicine, General Hospital of Southern Theatre Command of PLA",Hospital,China,Guangzhou,Symptomatic patients,Not available,Nasopharyngeal swabs; Oropharyngeal swabs,Prospectively collected set,RT-PCR,Not available,Not available,Antibody,Chemiluminescence immunoassay (CLIA),Not available,2019-nCoV IgG/IgM Antibody Detection Kit,Shenzhen Yahuilong Biotechnology Co Ltd,Not available,Not available,Serum,IgG,Not available,Not available,Not available,Not available,Not available,Not available,Not available,Overall,412,12,400,11,395,91.7,98.8,https://www.medrxiv.org/content/10.1101/2020.05.05.20092551v1.full.pdf,10.1101/2020.05.05.20092551.t,Analysis on a Yahuilong iFlash 3000-H System Cut-off value:10 AU/mL
Institute of Laboratory Medicine - Semmelweis University,Hospital,Hungary,Budapest,Confirmed COVID-19 patients,Not available,Not available,Not available,RT-PCR,Not available,Not available,Antibody,Rapid diagnostic test (RDT),Not available,Not available,"Anhui Deep Blue Medical Technology Co., Ltd",Not available,Not available,Serum,IgG; IgM,Not available,Not available,Not available,Not available,Not available,Not available,Not available,Overall,625,21,604,7,440,33.3,72.8,https://akjournals.com/view/journals/650/161/20/article-p807.xml,10.1556/650.2020.31859,Not available
Institute of Laboratory Medicine - Semmelweis University,Hospital,Hungary,Budapest,Confirmed COVID-19 patients,Not available,Not available,Not available,RT-PCR,Not available,Not available,Antibody,Rapid diagnostic test (RDT),Not available,2019-nCoV IgG/IgM Rapid Test,"Hangzhou Clongene Biotech Co., Ltd",Not available,Not available,Serum,IgG; IgM,Not available,Not available,Not available,Not available,Not available,Not available,Not available,Overall,1029,31,998,11,840,35.5,84.2,https://akjournals.com/view/journals/650/161/20/article-p807.xml,10.1556/650.2020.31859,Not available
Laboratoire Hospitalier Universitaire de Bruxelles - Universitair Laboratorium Brussel (LHUB-ULB); Microbiology Department of Cliniques Universitaires Saint Luc-UCLouvain (CUSL),Hospital,Belgium,Brussels,Confirmed COVID-19 patients,Not available,Not available,Retrospective set,Computed Tomography (CT); RT-PCR,Not available,Not available,Antibody,Enzyme-linked immunosorbent assay (ELISA),Detection of current infection,"Anti-SARS-CoV-2 ELISA (IgG) (manual, automated)",EUROIMMUN AG,Not available,Not available,Serum,IgG,Not available,Not available,Not available,Not available,Ratio ? 1.1,Ratio < 0.8,Not available,Overall,200,128,72,79,71,61.7,98.6,https://www.ncbi.nlm.nih.gov/pmc/articles/PMC7198434/pdf/main.pdf,10.1016/j.jcv.2020.104413,Control: Pre-pandemic controls
"Department of Laboratory Medicine, General Hospital of Southern Theatre Command of PLA",Hospital,China,Guangzhou,Symptomatic patients,Not available,Nasopharyngeal swabs; Oropharyngeal swabs,Prospectively collected set,RT-PCR,Not available,Not available,Antibody,Chemiluminescence immunoassay (CLIA),Not available,2019-nCoV IgG/IgM Antibody Detection Kit,Shenzhen Tisenc Medical Devices Company,Not available,Not available,Serum,IgG,Not available,Not available,Not available,Not available,Not available,Not available,Not available,Overall,404,12,392,10,389,83.3,99.2,https://www.medrxiv.org/content/10.1101/2020.05.05.20092551v1.full.pdf,10.1101/2020.05.05.20092551.t,Analysis on an ACCRE 6 system
"Department of Laboratory Medicine, General Hospital of Southern Theatre Command of PLA",Hospital,China,Guangzhou,Symptomatic patients,Not available,Nasopharyngeal swabs; Oropharyngeal swabs,Prospectively collected set,RT-PCR,Not available,Not available,Antibody,Rapid diagnostic test (RDT),Not available,SARS-CoV-2 Antibody Test (Lateral Flow Method),"Guangzhou Wondfo Biotech Co., Ltd",Not available,Not available,Serum,Not available,Not available,Not available,Not available,Not available,Not available,Not available,Not available,Overall,412,12,400,10,400,83.3,100,https://www.medrxiv.org/content/10.1101/2020.05.05.20092551v1.full.pdf,10.1101/2020.05.05.20092551.t,Analysis on an ACCRE 6 system
Laboratoire Hospitalier Universitaire de Bruxelles - Universitair Laboratorium Brussel (LHUB-ULB); Microbiology Department of Cliniques Universitaires Saint Luc-UCLouvain (CUSL),Hospital,Belgium,Brussels,Confirmed COVID-19 patients,Not available,Not available,Retrospective set,Computed Tomography (CT); RT-PCR,Not available,Not available,Antibody,Chemiluminescence immunoassay (CLIA),Detection of current infection,MAGLUMI 2019-nCoV IgG (CLIA),"Snibe Co., Ltd (Shenzhen New Industries Biomedical Engineering Co., Ltd)",Not available,Not available,Serum,IgG,Not available,Not available,Not available,Not available,Not available,Not available,Not available,Overall,198,126,72,67,72,53.2,100,https://www.ncbi.nlm.nih.gov/pmc/articles/PMC7198434/pdf/main.pdf,10.1016/j.jcv.2020.104413,Control: Pre-pandemic controls Cut-off value: 1.0 AU/mL
Laboratoire Hospitalier Universitaire de Bruxelles - Universitair Laboratorium Brussel (LHUB-ULB); Microbiology Department of Cliniques Universitaires Saint Luc-UCLouvain (CUSL),Hospital,Belgium,Brussels,Confirmed COVID-19 patients,Not available,Not available,Retrospective set,Computed Tomography (CT); RT-PCR,Not available,Not available,Antibody,Rapid diagnostic test (RDT),Detection of current infection,Novel Coronavirus (2019-nCov)Antibody IgG/IgM Assay Kit (Colloidal Gold),"Avioq Bio-Tech Co., Ltd",Not available,Not available,Serum,IgG,Not available,Not available,Not available,Not available,Not available,Not available,Not available,Overall,200,128,72,88,69,68.8,95.8,https://www.ncbi.nlm.nih.gov/pmc/articles/PMC7198434/pdf/main.pdf,10.1016/j.jcv.2020.104413,Control: Pre-pandemic controls
Laboratoire Hospitalier Universitaire de Bruxelles - Universitair Laboratorium Brussel (LHUB-ULB); Microbiology Department of Cliniques Universitaires Saint Luc-UCLouvain (CUSL),Hospital,Belgium,Brussels,Confirmed COVID-19 patients,Not available,Not available,Retrospective set,Computed Tomography (CT); RT-PCR,Not available,Not available,Antibody,Rapid diagnostic test (RDT),Detection of current infection,Novel Coronavirus (2019-nCov)Antibody IgG/IgM Assay Kit (Colloidal Gold),"Avioq Bio-Tech Co., Ltd",Not available,Not available,Serum,IgG; IgM,Not available,Not available,Not available,Not available,Not available,Not available,Not available,Overall,200,128,72,88,69,68.8,95.8,https://www.ncbi.nlm.nih.gov/pmc/articles/PMC7198434/pdf/main.pdf,10.1016/j.jcv.2020.104413,Control: Pre-pandemic controls
Laboratoire Hospitalier Universitaire de Bruxelles - Universitair Laboratorium Brussel (LHUB-ULB); Microbiology Department of Cliniques Universitaires Saint Luc-UCLouvain (CUSL),Hospital,Belgium,Brussels,Confirmed COVID-19 patients,Not available,Not available,Retrospective set,Computed Tomography (CT); RT-PCR,Not available,Not available,Antibody,Rapid diagnostic test (RDT),Detection of current infection,QuickZen COVID-19 IgM / IgG,Zentech SA,Not available,Not available,Serum,IgG; IgM,Not available,Not available,Not available,Not available,Not available,Not available,Not available,Overall,200,128,72,91,72,71.1,100,https://www.ncbi.nlm.nih.gov/pmc/articles/PMC7198434/pdf/main.pdf,10.1016/j.jcv.2020.104413,Control: Pre-pandemic controls
Laboratoire Hospitalier Universitaire de Bruxelles - Universitair Laboratorium Brussel (LHUB-ULB); Microbiology Department of Cliniques Universitaires Saint Luc-UCLouvain (CUSL),Hospital,Belgium,Brussels,Confirmed COVID-19 patients,Not available,Not available,Retrospective set,Computed Tomography (CT); RT-PCR,Not available,Not available,Antibody,Rapid diagnostic test (RDT),Detection of current infection,QuickZen COVID-19 IgM / IgG,Zentech SA,Not available,Not available,Serum,IgG,Not available,Not available,Not available,Not available,Not available,Not available,Not available,Overall,200,128,72,63,72,49.2,100,https://www.ncbi.nlm.nih.gov/pmc/articles/PMC7198434/pdf/main.pdf,10.1016/j.jcv.2020.104413,Control: Pre-pandemic controls
Laboratoire Hospitalier Universitaire de Bruxelles - Universitair Laboratorium Brussel (LHUB-ULB); Microbiology Department of Cliniques Universitaires Saint Luc-UCLouvain (CUSL),Hospital,Belgium,Brussels,Confirmed COVID-19 patients,Not available,Not available,Retrospective set,Computed Tomography (CT); RT-PCR,Not available,Not available,Antibody,Rapid diagnostic test (RDT),Detection of current infection,2019-n-CoV IgG/IgM rapid test cassette (LaboOn Time),Bio Marketing Diagnostics (or Akiva),Not available,Not available,Serum,IgG,Not available,Not available,Not available,Not available,Not available,Not available,Not available,Overall,200,128,72,86,72,67.2,100,https://www.ncbi.nlm.nih.gov/pmc/articles/PMC7198434/pdf/main.pdf,10.1016/j.jcv.2020.104413,Control: Pre-pandemic controls
"University of Helsinki and Helsinki University Hospital, Helsinki, Finland",Not available,Finland,Helsinki,Confirmed COVID-19 patients,Mild; Moderate; Severe,Nasopharyngeal swabs,Retrospective set,RT-PCR,Not available,Blinded to reference results,Antibody,Enzyme-linked immunosorbent assay (ELISA),Detection of current infection,"Anti-SARS-CoV-2 ELISA (IgG) (manual, automated)",EUROIMMUN AG,Not available,Not available,Serum,IgG,Not available,Not available,Not available,Not available,Ratio ??1.1,Ratio <0.8,Not available,Overall,76,39,37,13,34,33.3,91.9,https://www.eurosurveillance.org/content/10.2807/1560-7917.ES.2020.25.18.2000603,10.2807/1560-7917.ES.2020.25.18.2000603,Control: Pre-pandemic controls